id,nombre
1,18KY7P
2,IVQT9M
3,1ZBIZ1
4,3FW5YK
5,DTJDOT
6,3F14TA
7,K5GOZD
8,Z9DVWY
9,TB95J3
10,JX93RP
11,AMG0GS
14,PBHR03
16,4CV43U
17,TIK99A
19,CUCU9Q
21,4DLT9Q
22,5FGXT6
23,LC9Z05
26,B49HOM
27,ZDG1DV
29,GSXAVL
30,P1JNML
32,MYWPY3
35,QP3D71
36,PWUA8T
39,Q34PN1
40,ZJEMX8
41,4MRN2Z
42,PZUXC8
43,FESY8M
45,M9SML5
46,1XY0L9
47,KC8Y62
48,T4G2CY
49,XQ6QMN
51,23TZRO
52,QWTLFA
53,08WJ2A
60,YA5VU9
62,LX4Z31
64,NHUYKH
66,4O7SL8
67,VAK51S
68,LFTSZ8
69,TWK2ZE
71,L248II
72,5WQG5X
74,XB19B5
75,8619FY
78,6DD62K
79,AUPP3K
80,RYB3S9
82,Z9K3CD
84,OIMFT2
86,H8ID3I
87,ADUY39
88,U7A5XD
89,KEF2AH
90,NVAUJH
92,0OYDGV
93,3A7NAK
94,J0UAKI
95,67QMBI
99,0FC33O
100,VRNJVM
102,FJX9RD
103,MS97RE
104,XQ4CKY
105,CVHVC0
106,CGIQEZ
107,0MNBOM
108,FHJOHU
110,LHZ8BA
111,GBAZ35
113,GLECPA
114,Q0ZEMU
115,O7MTOF
118,DNU0LJ
119,AE7NNK
121,KVFVS3
122,ZFC7QM
123,75GQI2
125,F71WGY
126,547UP9
128,MKSXGD
130,0F8ACU
131,JDWRK1
132,76XPPH
133,FD7RM3
134,TKEQEZ
135,8CPCJB
137,4WJGOV
138,JOGXIR
141,TDHVBC
142,998DPO
143,RARD48
147,VHJA8G
148,GSFY17
149,H07ABK
151,XBHKZ2
152,T8J2A0
153,7T70C3
156,5WKRUK
157,NTF3K1
159,CBCT9Z
160,33HVQ2
161,9A0HFS
162,O7OQR3
163,0DX8J2
166,M0E2VC
168,CLMP9Z
170,8RJNOB
171,9MTMR5
172,INYWS2
173,1BE5WY
176,E5QY6A
177,QE27HB
179,D39FOL
181,NTSDHY
184,A4JX1P
186,S7EFQ0
188,2PEM5U
191,3PEMHF
194,C6MFJ0
196,68MKO9
199,HB98Y1
201,FCECHM
202,DHNAQQ
204,9UZAXU
207,RQAS4J
208,32VJOV
209,QQ1Y9B
210,Q0XMOZ
211,GK49N2
213,VADNG3
214,NACJ1T
215,DIH3AP
218,TJLV8L
220,0RNPEG
221,ZTPPMK
223,7GVJ3W
224,QBLJD7
225,1YTYZ0
226,UGA3UB
227,QBQ6QT
228,XY8HXC
229,XEX24O
230,9EWF41
232,5AQIX4
233,72V258
234,G4VW9B
235,FZX3OV
237,JHLV8U
238,RAPNV8
239,TNA65C
240,N1OP3K
242,QI906L
243,69PTPZ
245,6IYJIK
246,IDJFQ8
249,YSHISN
257,H1DOFB
258,RRFFPL
261,MXCEKE
263,J05NI3
264,WXDI7Q
268,ERN3ZD
269,CPEQJR
270,XB3LLU
271,5K548W
274,IW42AW
275,S3YYD8
277,Q78AIJ
281,UB4BM2
282,7V3T0U
283,Y0JJ90
284,0NK93O
286,XJCAHW
295,0WGM07
299,NNK13O
300,IY1YAZ
301,3XLBGH
305,RN5PVG
306,EDJULU
308,VN5469
309,MHYOIA
311,LMY0DE
312,70TYMP
313,HDZ23A
314,JXY6NN
315,99K7HE
318,A6DMKI
320,K91QGP
321,7R5YGB
322,UIQV7E
324,8ZGVVP
326,MUYMAK
327,NIVBRI
331,L5H2JJ
